{
  "meta_title": "",
  "meta_description": "",
  "sections": [
    {
      "type": "banner-slider",
      "autoplay": 9000,
      "slides": [
        {
          "img": "/img/uploads/6.png",
          "link": "",
          "alt": "",
          "start": "",
          "end": ""
        },
        {
          "img": "/img/uploads/7.png",
          "alt": "",
          "start": "",
          "end": ""
        }
      ]
    },
    {
      "type": "info-bar",
      "enabled": true
    },
    {
      "type": "page-title",
      "title": "Loja demo da E-Com Plus",
      "description": "Loja de demonstração e testes da plataforma E-Com Plus e Storefront. Todos os produtos, preços e informações são meramente ilustrativos."
    },
    {
      "type": "responsive-banner",
      "img": "/img/uploads/5.png"
    },
    {
      "type": "banners-grid",
      "banners": [
        {
          "img": "/img/uploads/1.png"
        },
        {
          "img": "/img/uploads/4.png"
        }
      ]
    },
    {
      "type": "banners-grid",
      "banners": [
        {
          "img": "/img/uploads/3.png"
        }
      ]
    }
  ]
}